,hostnameLength,topLevelDomainLength,primaryDomainLength,containsIp,no_of_dots,length_of_url,token_count,avg_token_length,path_token_count,avg_path_token,domain_token_count,largest_domain,avg_domain_token
766,22,3,10,0,3,77,7,17.416666666666668,4,10.75,3,11,6.666666666666668
598,8,3,8,0,1,15,2,3.5,0,0.0,2,4,3.5
217,22,3,22,0,1,29,2,10.5,0,0.0,2,18,10.5
630,21,2,5,0,2,28,3,6.333333333333332,0,0.0,3,15,6.333333333333332
928,23,3,23,0,1,31,2,11.0,0,0.0,2,19,11.0
708,21,3,21,0,2,44,3,14.0,1,4.0,2,17,10.0
906,18,3,18,0,1,26,2,8.5,0,0.0,2,14,8.5
502,16,2,16,0,1,23,2,7.5,0,0.0,2,13,7.5
648,9,3,9,0,1,16,2,4.0,0,0.0,2,5,4.0
831,15,3,10,0,2,23,3,4.333333333333333,0,0.0,3,6,4.333333333333333
842,14,3,8,0,3,63,6,12.0,3,8.0,3,5,4.0
150,22,3,11,0,2,29,3,6.666666666666668,0,0.0,3,10,6.666666666666668
731,20,3,13,0,2,28,3,6.0,0,0.0,3,9,6.0
62,22,3,18,0,2,29,3,6.666666666666668,0,0.0,3,14,6.666666666666668
275,27,3,17,0,2,34,3,8.333333333333334,0,0.0,3,13,8.333333333333334
685,18,3,18,0,1,25,2,8.5,0,0.0,2,14,8.5
747,18,3,18,0,1,26,2,8.5,0,0.0,2,14,8.5
920,14,3,7,0,2,94,7,11.5,4,7.5,3,6,4.0
396,22,3,11,0,2,29,3,6.666666666666668,0,0.0,3,10,6.666666666666668
527,39,3,28,0,2,46,3,12.333333333333336,0,0.0,3,24,12.333333333333336
843,17,2,17,0,1,33,4,11.0,2,3.0,2,14,8.0
238,11,2,11,1,1,43,0,0.0,0,0.0,0,0,0.0
119,22,3,11,1,1,40,0,0.0,0,0.0,0,0,0.0
300,32,2,17,0,2,39,3,10.0,0,0.0,3,14,10.0
258,12,3,12,0,1,19,2,5.5,0,0.0,2,8,5.5
627,15,6,15,0,2,22,3,4.333333333333333,0,0.0,3,8,4.333333333333333
158,17,3,17,0,1,24,2,8.0,0,0.0,2,13,8.0
197,10,3,10,0,1,17,2,4.5,0,0.0,2,6,4.5
138,23,2,23,0,1,30,2,11.0,0,0.0,2,20,11.0
570,21,6,21,0,1,28,2,10.0,0,0.0,2,14,10.0
559,23,3,23,0,1,30,2,11.0,0,0.0,2,19,11.0
239,16,3,12,0,2,23,3,4.666666666666667,0,0.0,3,8,4.666666666666667
441,20,2,8,0,2,27,3,6.0,0,0.0,3,11,6.0
420,18,3,18,1,2,29,0,0.0,0,0.0,0,0,0.0
572,19,2,19,0,1,26,2,9.0,0,0.0,2,16,9.0
849,17,3,17,0,2,35,3,15.0,1,7.0,2,13,8.0
93,15,3,15,0,1,22,2,7.0,0,0.0,2,11,7.0
260,22,3,11,0,2,29,3,6.666666666666668,0,0.0,3,10,6.666666666666668
176,18,2,18,0,1,25,2,8.5,0,0.0,2,15,8.5
483,11,2,8,0,2,18,3,3.0,0,0.0,3,5,3.0
4,19,3,16,1,1,16,0,0.0,0,0.0,0,0,0.0
34,10,3,10,1,2,37,0,0.0,0,0.0,0,0,0.0
746,17,3,8,0,2,25,3,5.0,0,0.0,3,8,5.0
862,18,3,18,0,1,26,2,8.5,0,0.0,2,14,8.5
982,23,3,15,0,2,64,8,13.2,5,6.2,3,11,7.0
100,16,6,16,0,2,23,3,4.666666666666667,0,0.0,3,9,4.666666666666667
283,21,6,21,0,1,28,2,10.0,0,0.0,2,14,10.0
77,18,6,18,0,1,25,2,8.5,0,0.0,2,11,8.5
227,11,2,11,0,1,18,2,5.0,0,0.0,2,8,5.0
551,24,6,24,0,2,31,3,7.333333333333332,0,0.0,3,17,7.333333333333332
759,22,3,22,0,1,30,2,10.5,0,0.0,2,18,10.5
816,13,3,13,0,1,21,2,6.0,0,0.0,2,9,6.0
139,22,2,22,0,1,29,2,10.5,0,0.0,2,19,10.5
626,19,3,13,0,2,26,3,5.666666666666668,0,0.0,3,9,5.666666666666668
127,13,2,13,0,1,20,2,6.0,0,0.0,2,10,6.0
469,12,3,12,0,1,19,2,5.5,0,0.0,2,8,5.5
50,22,3,11,0,2,29,3,6.666666666666668,0,0.0,3,10,6.666666666666668
169,13,4,13,0,1,20,2,6.0,0,0.0,2,8,6.0
290,17,3,17,0,1,24,2,8.0,0,0.0,2,13,8.0
10,13,5,13,1,2,30,0,0.0,0,0.0,0,0,0.0
91,17,6,17,1,1,23,0,0.0,0,0.0,0,0,0.0
214,18,3,18,0,1,25,2,8.5,0,0.0,2,14,8.5
878,34,3,11,0,2,42,3,10.666666666666666,0,0.0,3,22,10.666666666666666
233,16,2,16,0,1,23,2,7.5,0,0.0,2,13,7.5
228,14,3,14,0,1,21,2,6.5,0,0.0,2,10,6.5
16,12,6,12,1,3,25,0,0.0,0,0.0,0,0,0.0
375,29,3,20,0,2,36,3,9.0,0,0.0,3,16,9.0
264,16,3,16,0,1,23,2,7.5,0,0.0,2,12,7.5
130,12,3,12,0,1,19,2,5.5,0,0.0,2,8,5.5
196,14,2,14,0,1,21,2,6.5,0,0.0,2,11,6.5
14,12,6,12,0,2,19,3,3.333333333333333,0,0.0,3,5,3.333333333333333
496,24,3,19,1,1,24,0,0.0,0,0.0,0,0,0.0
676,11,2,11,0,1,18,2,5.0,0,0.0,2,8,5.0
84,18,6,18,0,1,25,2,8.5,0,0.0,2,11,8.5
719,16,3,16,0,1,52,4,15.0,2,7.5,2,12,7.5
83,19,6,19,0,1,26,2,9.0,0,0.0,2,12,9.0
452,21,6,21,0,1,28,2,10.0,0,0.0,2,14,10.0
761,22,3,10,0,3,66,6,17.333333333333332,3,10.666666666666666,3,11,6.666666666666668
573,18,2,18,0,1,25,2,8.5,0,0.0,2,15,8.5
561,13,5,13,0,2,20,3,3.6666666666666665,0,0.0,3,7,3.6666666666666665
470,14,3,14,0,1,21,2,6.5,0,0.0,2,10,6.5
288,23,6,23,0,1,30,2,11.0,0,0.0,2,16,11.0
660,12,3,12,0,1,19,2,5.5,0,0.0,2,8,5.5
979,23,3,15,0,3,101,6,28.66666666666667,3,21.66666666666667,3,11,7.0
215,16,3,12,0,2,23,3,4.666666666666667,0,0.0,3,8,4.666666666666667
351,17,6,17,0,1,24,2,8.0,0,0.0,2,10,8.0
581,15,5,15,0,2,22,3,4.333333333333333,0,0.0,3,9,4.333333333333333
681,10,2,10,1,2,44,0,0.0,0,0.0,0,0,0.0
253,23,4,23,0,1,30,2,11.0,0,0.0,2,18,11.0
175,16,3,16,0,1,23,2,7.5,0,0.0,2,12,7.5
366,11,3,11,0,1,18,2,5.0,0,0.0,2,7,5.0
255,17,6,17,0,2,24,3,5.0,0,0.0,3,10,5.0
760,22,3,10,0,3,63,6,16.333333333333332,3,9.666666666666666,3,11,6.666666666666668
887,30,3,30,0,1,38,2,14.5,0,0.0,2,26,14.5
995,16,3,16,0,1,24,2,7.5,0,0.0,2,12,7.5
397,22,3,11,0,2,29,3,6.666666666666668,0,0.0,3,10,6.666666666666668
886,21,3,21,0,1,29,2,10.0,0,0.0,2,17,10.0
443,17,3,17,0,1,24,2,8.0,0,0.0,2,13,8.0
821,10,3,10,0,1,206,5,9.833333333333332,3,5.333333333333333,2,6,4.5
295,19,3,19,0,1,26,2,9.0,0,0.0,2,15,9.0
879,33,3,25,0,2,41,3,10.333333333333334,0,0.0,3,21,10.333333333333334
299,18,3,18,0,1,25,2,8.5,0,0.0,2,14,8.5
994,21,3,21,0,2,46,3,23.0,1,13.0,2,17,10.0
935,20,3,20,0,3,67,6,18.0,4,8.5,2,16,9.5
146,18,3,18,0,1,25,2,8.5,0,0.0,2,14,8.5
79,17,6,17,0,1,24,2,8.0,0,0.0,2,10,8.0
230,18,3,18,0,1,25,2,8.5,0,0.0,2,14,8.5
85,18,6,18,0,1,25,2,8.5,0,0.0,2,11,8.5
27,12,3,12,0,1,19,2,5.5,0,0.0,2,8,5.5
454,21,6,21,0,1,28,2,10.0,0,0.0,2,14,10.0
706,32,12,32,0,3,92,6,14.666666666666668,3,4.666666666666667,3,19,10.0
966,37,12,37,0,2,45,3,11.666666666666664,0,0.0,3,24,11.666666666666664
21,36,3,21,1,3,26,0,0.0,0,0.0,0,0,0.0
107,20,3,20,0,1,27,2,9.5,0,0.0,2,16,9.5
899,33,3,13,0,2,41,3,10.333333333333334,0,0.0,3,19,10.333333333333334
271,18,6,18,0,1,25,2,8.5,0,0.0,2,11,8.5
820,10,3,10,0,1,220,5,7.833333333333334,3,3.333333333333333,2,6,4.5
368,20,3,20,0,1,27,2,9.5,0,0.0,2,16,9.5
426,18,6,18,0,1,25,2,8.5,0,0.0,2,11,8.5
619,11,3,11,0,1,18,2,5.0,0,0.0,2,7,5.0
779,13,3,13,0,1,105,5,14.0,3,8.0,2,9,6.0
164,27,3,10,0,2,34,3,8.333333333333334,0,0.0,3,16,8.333333333333334
430,18,6,18,0,1,25,2,8.5,0,0.0,2,11,8.5
380,17,3,17,0,1,24,2,8.0,0,0.0,2,13,8.0
328,24,3,17,0,3,31,4,5.25,0,0.0,4,13,5.25
640,9,3,9,0,1,16,2,4.0,0,0.0,2,5,4.0
213,21,3,21,0,1,28,2,10.0,0,0.0,2,17,10.0
950,29,12,29,0,2,37,3,9.0,0,0.0,3,16,9.0
695,12,3,12,0,1,19,2,5.5,0,0.0,2,8,5.5
500,10,2,10,0,1,17,2,4.5,0,0.0,2,7,4.5
730,31,12,31,0,2,39,3,9.666666666666666,0,0.0,3,18,9.666666666666666
734,18,3,18,0,1,26,2,8.5,0,0.0,2,14,8.5
76,11,2,11,1,1,27,0,0.0,0,0.0,0,0,0.0
594,21,3,21,0,1,28,2,10.0,0,0.0,2,17,10.0
279,20,2,20,0,1,27,2,9.5,0,0.0,2,17,9.5
830,25,12,25,0,2,33,3,7.666666666666668,0,0.0,3,12,7.666666666666668
456,20,6,20,0,1,27,2,9.5,0,0.0,2,13,9.5
739,18,3,12,0,2,26,3,5.333333333333333,0,0.0,3,8,5.333333333333333
591,17,3,11,0,2,24,3,5.0,0,0.0,3,7,5.0
705,32,12,32,0,3,85,6,14.333333333333332,3,4.333333333333333,3,19,10.0
832,20,3,10,0,2,28,3,6.0,0,0.0,3,9,6.0
919,17,3,10,0,2,25,3,5.0,0,0.0,3,6,5.0
223,8,2,8,1,2,29,0,0.0,0,0.0,0,0,0.0
112,18,3,8,0,2,25,3,5.333333333333333,0,0.0,3,9,5.333333333333333
142,22,3,11,0,2,29,3,6.666666666666668,0,0.0,3,10,6.666666666666668
726,12,3,12,0,2,46,5,12.833333333333332,3,7.333333333333332,2,8,5.5
557,15,3,15,1,2,43,0,0.0,0,0.0,0,0,0.0
28,12,3,12,1,1,19,0,0.0,0,0.0,0,0,0.0
866,22,12,22,0,2,30,3,6.666666666666668,0,0.0,3,9,6.666666666666668
645,24,2,11,0,2,31,3,7.333333333333332,0,0.0,3,12,7.333333333333332
620,16,6,16,0,1,23,2,7.5,0,0.0,2,9,7.5
694,12,2,12,0,1,19,2,5.5,0,0.0,2,9,5.5
870,35,3,19,0,2,43,3,11.0,0,0.0,3,15,11.0
67,19,3,19,0,1,26,2,9.0,0,0.0,2,15,9.0
786,15,3,12,0,2,23,3,4.333333333333333,0,0.0,3,8,4.333333333333333
131,16,3,16,0,1,23,2,7.5,0,0.0,2,12,7.5
762,22,3,10,0,3,67,6,17.666666666666668,3,11.0,3,11,6.666666666666668
325,13,3,13,0,1,20,2,6.0,0,0.0,2,9,6.0
712,20,3,14,0,2,28,3,6.0,0,0.0,3,10,6.0
339,13,3,13,0,1,20,2,6.0,0,0.0,2,9,6.0
544,24,3,14,0,2,31,3,7.333333333333332,0,0.0,3,10,7.333333333333332
577,12,2,12,0,1,19,2,5.5,0,0.0,2,9,5.5
858,23,3,23,0,2,45,3,22.0,1,11.0,2,19,11.0
721,16,3,16,0,1,41,4,16.5,2,9.0,2,12,7.5
815,17,3,17,0,2,202,28,13.730769230769232,26,5.730769230769232,2,13,8.0
624,31,3,31,0,1,38,2,15.0,0,0.0,2,27,15.0
167,13,2,13,0,1,20,2,6.0,0,0.0,2,10,6.0
195,10,3,10,0,1,17,2,4.5,0,0.0,2,6,4.5
576,12,2,6,0,2,19,3,3.333333333333333,0,0.0,3,5,3.333333333333333
522,18,6,18,0,2,25,3,5.333333333333333,0,0.0,3,11,5.333333333333333
987,18,3,9,0,3,110,7,13.833333333333332,4,8.5,3,8,5.333333333333333
603,22,3,22,0,1,29,2,10.5,0,0.0,2,18,10.5
932,18,3,18,0,1,64,6,12.25,4,3.75,2,14,8.5
593,12,3,12,0,1,19,2,5.5,0,0.0,2,8,5.5
116,12,6,12,0,2,19,3,3.333333333333333,0,0.0,3,5,3.333333333333333
43,8,3,8,1,2,29,0,0.0,0,0.0,0,0,0.0
276,15,3,15,0,1,22,2,7.0,0,0.0,2,11,7.0
493,25,3,9,0,2,32,3,7.666666666666668,0,0.0,3,15,7.666666666666668
864,29,3,29,0,1,37,2,14.0,0,0.0,2,25,14.0
1003,20,3,9,0,2,44,5,14.5,2,8.5,3,10,6.0
608,18,3,18,0,1,25,2,8.5,0,0.0,2,14,8.5
915,21,3,14,0,3,48,5,13.833333333333332,2,7.5,3,10,6.333333333333332
7,13,5,13,1,2,28,0,0.0,0,0.0,0,0,0.0
519,8,2,8,0,1,15,2,3.5,0,0.0,2,5,3.5
538,14,2,7,0,2,21,3,4.0,0,0.0,3,6,4.0
6,13,5,13,0,2,20,3,3.6666666666666665,0,0.0,3,7,3.6666666666666665
293,15,6,15,0,1,22,2,7.0,0,0.0,2,8,7.0
337,10,2,10,0,1,17,2,4.5,0,0.0,2,7,4.5
622,19,3,11,0,2,26,3,5.666666666666668,0,0.0,3,7,5.666666666666668
12,13,5,13,1,1,16,0,0.0,0,0.0,0,0,0.0
114,12,4,12,0,1,19,2,5.5,0,0.0,2,7,5.5
417,7,2,7,0,1,14,2,3.0,0,0.0,2,4,3.0
616,18,3,18,0,1,25,2,8.5,0,0.0,2,14,8.5
535,16,3,16,0,1,23,2,7.5,0,0.0,2,12,7.5
962,28,3,20,0,2,58,5,16.666666666666664,2,8.0,3,16,8.666666666666666
462,15,4,15,0,1,22,2,7.0,0,0.0,2,10,7.0
161,25,3,25,0,1,32,2,12.0,0,0.0,2,21,12.0
26,9,3,9,0,1,16,2,4.0,0,0.0,2,5,4.0
136,37,3,25,1,1,23,0,0.0,0,0.0,0,0,0.0
517,11,2,11,0,1,18,2,5.0,0,0.0,2,8,5.0
273,17,6,17,0,1,24,2,8.0,0,0.0,2,10,8.0
617,23,6,23,0,2,30,3,7.0,0,0.0,3,16,7.0
788,15,3,12,0,2,46,7,9.083333333333332,4,4.75,3,8,4.333333333333333
735,26,12,26,0,3,81,6,12.333333333333332,3,4.333333333333333,3,13,8.0
54,14,2,14,0,1,21,2,6.5,0,0.0,2,11,6.5
716,16,3,16,0,1,24,2,7.5,0,0.0,2,12,7.5
565,17,3,17,0,1,24,2,8.0,0,0.0,2,13,8.0
373,15,3,10,0,2,22,3,4.333333333333333,0,0.0,3,6,4.333333333333333
725,16,3,16,1,3,161,3,7.0,3,7.0,0,0,0.0
775,28,12,28,0,2,36,3,8.666666666666666,0,0.0,3,15,8.666666666666666
946,27,3,27,0,1,35,2,13.0,0,0.0,2,23,13.0
989,19,3,19,0,1,46,3,28.0,1,19.0,2,15,9.0
58,21,3,15,0,2,28,3,6.333333333333332,0,0.0,3,11,6.333333333333332
720,16,3,16,0,1,54,4,15.0,2,7.5,2,12,7.5
794,15,3,12,0,3,58,7,12.083333333333332,4,7.75,3,8,4.333333333333333
521,11,2,11,0,1,18,2,5.0,0,0.0,2,8,5.0
359,21,2,21,0,1,28,2,10.0,0,0.0,2,18,10.0
200,9,2,9,0,1,16,2,4.0,0,0.0,2,6,4.0
939,20,3,20,0,1,28,2,9.5,0,0.0,2,16,9.5
696,12,2,12,0,1,19,2,5.5,0,0.0,2,9,5.5
464,14,2,14,0,1,21,2,6.5,0,0.0,2,11,6.5
289,17,6,17,0,1,24,2,8.0,0,0.0,2,10,8.0
860,14,3,14,0,2,33,3,13.5,1,7.0,2,10,6.5
585,18,3,18,1,1,37,0,0.0,0,0.0,0,0,0.0
810,31,12,31,0,3,83,6,15.333333333333332,3,5.666666666666668,3,18,9.666666666666666
890,30,3,14,0,2,38,3,9.333333333333334,0,0.0,3,15,9.333333333333334
327,13,3,13,1,1,15,0,0.0,0,0.0,0,0,0.0
791,16,3,9,0,3,91,12,11.375,8,8.125,4,5,3.25
64,8,3,8,0,1,15,2,3.5,0,0.0,2,4,3.5
533,20,3,11,0,2,27,3,6.0,0,0.0,3,8,6.0
509,12,6,12,0,2,19,3,3.333333333333333,0,0.0,3,5,3.333333333333333
383,13,3,13,0,1,20,2,6.0,0,0.0,2,9,6.0
587,19,2,19,0,1,26,2,9.0,0,0.0,2,16,9.0
993,23,3,12,1,2,49,0,0.0,0,0.0,0,0,0.0
3,19,3,16,1,1,31,0,0.0,0,0.0,0,0,0.0
364,22,3,11,0,2,29,3,6.666666666666668,0,0.0,3,10,6.666666666666668
505,11,4,11,1,1,19,0,0.0,0,0.0,0,0,0.0
550,40,2,6,0,2,47,3,12.666666666666664,0,0.0,3,33,12.666666666666664
291,16,3,16,0,1,23,2,7.5,0,0.0,2,12,7.5
512,12,3,12,1,1,20,0,0.0,0,0.0,0,0,0.0
20,36,3,21,0,2,43,3,11.333333333333336,0,0.0,3,17,11.333333333333336
748,20,3,20,0,1,28,2,9.5,0,0.0,2,16,9.5
245,21,3,17,0,2,28,3,6.333333333333332,0,0.0,3,13,6.333333333333332
839,10,3,10,0,1,46,4,13.5,2,9.0,2,6,4.5
181,10,2,10,0,1,17,2,4.5,0,0.0,2,7,4.5
855,20,3,20,0,1,69,4,29.0,2,19.5,2,16,9.5
268,22,3,11,0,2,29,3,6.666666666666668,0,0.0,3,10,6.666666666666668
600,23,2,7,0,3,30,4,5.0,0,0.0,4,7,5.0
978,23,3,15,0,3,75,6,20.0,3,13.0,3,11,7.0
317,19,3,17,1,1,14,0,0.0,0,0.0,0,0,0.0
690,10,3,10,0,1,17,2,4.5,0,0.0,2,6,4.5
872,8,2,8,0,1,16,2,3.5,0,0.0,2,5,3.5
40,7,3,7,1,2,33,0,0.0,0,0.0,0,0,0.0
845,22,12,22,0,2,30,3,6.666666666666668,0,0.0,3,9,6.666666666666668
929,26,12,26,0,3,84,6,12.0,3,4.0,3,13,8.0
363,22,2,10,0,2,29,3,6.666666666666668,0,0.0,3,11,6.666666666666668
846,23,3,13,0,2,31,3,7.0,0,0.0,3,9,7.0
536,21,2,13,0,2,28,3,6.333333333333332,0,0.0,3,10,6.333333333333332
479,15,8,15,0,2,22,3,4.333333333333333,0,0.0,3,6,4.333333333333333
311,23,3,23,0,1,30,2,11.0,0,0.0,2,19,11.0
942,21,3,21,0,2,70,9,14.571428571428573,7,4.571428571428571,2,17,10.0
733,26,12,26,0,2,34,3,8.0,0,0.0,3,13,8.0
867,29,12,29,0,2,37,3,9.0,0,0.0,3,16,9.0
891,22,3,22,0,1,30,2,10.5,0,0.0,2,18,10.5
367,13,3,13,0,1,20,2,6.0,0,0.0,2,9,6.0
969,23,3,11,0,2,70,5,13.5,2,6.5,3,11,7.0
45,9,4,9,0,1,16,2,4.0,0,0.0,2,4,4.0
873,8,2,8,0,1,26,4,8.5,2,5.0,2,5,3.5
501,15,3,15,0,1,22,2,7.0,0,0.0,2,11,7.0
277,12,3,12,0,1,19,2,5.5,0,0.0,2,8,5.5
334,12,2,12,1,1,21,0,0.0,0,0.0,0,0,0.0
763,22,3,10,0,3,70,6,18.666666666666668,3,12.0,3,11,6.666666666666668
335,17,3,17,0,1,24,2,8.0,0,0.0,2,13,8.0
715,25,3,25,0,2,57,4,22.0,2,10.0,2,21,12.0
163,15,3,15,0,1,22,2,7.0,0,0.0,2,11,7.0
474,12,3,12,0,1,19,2,5.5,0,0.0,2,8,5.5
504,11,4,11,0,1,18,2,5.0,0,0.0,2,6,5.0
666,11,3,11,0,1,18,2,5.0,0,0.0,2,7,5.0
301,14,4,14,0,1,21,2,6.5,0,0.0,2,9,6.5
234,18,3,18,0,1,25,2,8.5,0,0.0,2,14,8.5
967,14,3,14,0,2,47,5,13.166666666666668,3,6.666666666666668,2,10,6.5
19,34,3,24,0,2,41,3,10.666666666666666,0,0.0,3,20,10.666666666666666
408,22,3,11,0,2,29,3,6.666666666666668,0,0.0,3,10,6.666666666666668
429,18,6,18,0,1,25,2,8.5,0,0.0,2,11,8.5
599,13,2,13,0,1,20,2,6.0,0,0.0,2,10,6.0
970,23,3,11,0,2,75,5,14.0,2,7.0,3,11,7.0
655,23,9,23,0,2,30,3,7.0,0,0.0,3,13,7.0
952,31,3,12,0,2,39,3,9.666666666666666,0,0.0,3,18,9.666666666666666
778,17,3,17,0,1,25,2,8.0,0,0.0,2,13,8.0
434,10,3,10,0,1,17,2,4.5,0,0.0,2,6,4.5
358,16,6,16,0,1,23,2,7.5,0,0.0,2,9,7.5
578,21,8,21,0,1,28,2,10.0,0,0.0,2,12,10.0
436,13,3,13,0,1,20,2,6.0,0,0.0,2,9,6.0
713,20,3,20,0,1,28,2,9.5,0,0.0,2,16,9.5
865,26,12,26,0,2,34,3,8.0,0,0.0,3,13,8.0
922,13,3,13,0,2,53,6,13.25,4,7.25,2,9,6.0
42,8,3,8,0,1,15,2,3.5,0,0.0,2,4,3.5
844,17,2,17,0,1,32,4,10.5,2,2.5,2,14,8.0
877,19,3,19,0,1,27,2,9.0,0,0.0,2,15,9.0
151,15,3,15,0,1,22,2,7.0,0,0.0,2,11,7.0
113,18,3,18,0,1,25,2,8.5,0,0.0,2,14,8.5
244,11,2,11,0,1,18,2,5.0,0,0.0,2,8,5.0
143,15,6,15,0,1,22,2,7.0,0,0.0,2,8,7.0
612,22,3,22,0,1,29,2,10.5,0,0.0,2,18,10.5
795,15,3,12,0,3,55,7,10.833333333333332,4,6.5,3,8,4.333333333333333
632,11,3,11,0,1,18,2,5.0,0,0.0,2,7,5.0
5,19,3,16,1,1,37,0,0.0,0,0.0,0,0,0.0
677,20,2,20,0,1,27,2,9.5,0,0.0,2,17,9.5
229,20,3,20,0,1,27,2,9.5,0,0.0,2,16,9.5
768,23,12,23,0,2,31,3,7.0,0,0.0,3,10,7.0
438,23,6,23,0,2,30,3,7.0,0,0.0,3,16,7.0
797,17,3,9,0,3,96,8,9.5,4,6.0,4,5,3.5
799,18,3,15,0,2,26,3,5.333333333333333,0,0.0,3,11,5.333333333333333
75,11,2,11,1,1,26,0,0.0,0,0.0,0,0,0.0
485,15,3,15,0,1,22,2,7.0,0,0.0,2,11,7.0
682,13,3,13,0,1,20,2,6.0,0,0.0,2,9,6.0
409,16,3,16,0,1,23,2,7.5,0,0.0,2,12,7.5
607,14,3,14,0,1,21,2,6.5,0,0.0,2,10,6.5
981,23,3,15,0,3,72,6,19.0,3,12.0,3,11,7.0
392,22,3,11,0,2,29,3,6.666666666666668,0,0.0,3,10,6.666666666666668
752,14,3,14,0,1,22,2,6.5,0,0.0,2,10,6.5
70,16,3,16,0,1,23,2,7.5,0,0.0,2,12,7.5
379,19,2,19,0,1,26,2,9.0,0,0.0,2,16,9.0
207,11,4,11,0,1,18,2,5.0,0,0.0,2,6,5.0
159,29,12,29,0,2,36,3,9.0,0,0.0,3,16,9.0
667,11,3,11,1,2,38,0,0.0,0,0.0,0,0,0.0
49,23,3,23,0,1,30,2,11.0,0,0.0,2,19,11.0
210,15,3,15,0,1,22,2,7.0,0,0.0,2,11,7.0
224,26,6,26,0,2,33,3,8.0,0,0.0,3,19,8.0
896,15,3,15,0,2,82,5,25.0,3,18.0,2,11,7.0
346,15,2,15,0,1,22,2,7.0,0,0.0,2,12,7.0
78,17,6,17,0,1,24,2,8.0,0,0.0,2,10,8.0
683,10,3,10,0,1,17,2,4.5,0,0.0,2,6,4.5
828,18,3,12,0,4,86,10,12.333333333333332,7,7.0,3,8,5.333333333333333
674,10,3,10,0,1,17,2,4.5,0,0.0,2,6,4.5
636,18,6,18,0,1,25,2,8.5,0,0.0,2,11,8.5
322,12,3,12,0,1,19,2,5.5,0,0.0,2,8,5.5
341,24,2,9,0,2,31,3,7.333333333333332,0,0.0,3,14,7.333333333333332
235,11,2,11,0,1,18,2,5.0,0,0.0,2,8,5.0
87,17,6,17,0,1,24,2,8.0,0,0.0,2,10,8.0
59,19,6,10,0,3,26,4,4.0,0,0.0,4,8,4.0
699,10,3,10,0,1,17,2,4.5,0,0.0,2,6,4.5
219,12,3,12,1,1,20,0,0.0,0,0.0,0,0,0.0
903,22,12,22,0,2,30,3,6.666666666666668,0,0.0,3,9,6.666666666666668
74,11,2,11,0,1,18,2,5.0,0,0.0,2,8,5.0
732,28,3,21,0,2,110,7,12.416666666666664,4,3.75,3,17,8.666666666666666
743,16,3,9,0,3,50,4,26.66666666666667,1,22.0,3,6,4.666666666666667
916,21,3,14,0,3,48,5,13.833333333333332,2,7.5,3,10,6.333333333333332
298,18,2,18,0,1,25,2,8.5,0,0.0,2,15,8.5
802,15,3,12,0,2,23,3,4.333333333333333,0,0.0,3,8,4.333333333333333
756,17,3,17,0,2,65,3,15.0,1,7.0,2,13,8.0
97,14,3,14,0,1,21,2,6.5,0,0.0,2,10,6.5
601,22,3,22,0,1,29,2,10.5,0,0.0,2,18,10.5
170,17,3,17,0,1,24,2,8.0,0,0.0,2,13,8.0
687,15,3,15,0,1,22,2,7.0,0,0.0,2,11,7.0
1004,26,12,26,0,3,61,6,13.0,3,5.0,3,13,8.0
189,25,3,25,0,1,32,2,12.0,0,0.0,2,21,12.0
353,18,6,18,0,1,25,2,8.5,0,0.0,2,11,8.5
102,11,3,11,0,1,18,2,5.0,0,0.0,2,7,5.0
182,12,2,12,0,1,19,2,5.5,0,0.0,2,9,5.5
412,18,8,18,0,2,25,3,5.333333333333333,0,0.0,3,9,5.333333333333333
885,16,3,8,0,2,24,3,4.666666666666667,0,0.0,3,7,4.666666666666667
352,18,6,18,0,1,25,2,8.5,0,0.0,2,11,8.5
613,22,3,22,1,1,17,0,0.0,0,0.0,0,0,0.0
137,26,3,26,0,1,33,2,12.5,0,0.0,2,22,12.5
540,18,3,18,0,1,25,2,8.5,0,0.0,2,14,8.5
863,23,3,13,0,2,76,4,17.0,1,10.0,3,9,7.0
589,11,2,11,0,1,18,2,5.0,0,0.0,2,8,5.0
673,24,3,24,1,1,20,0,0.0,0,0.0,0,0,0.0
287,20,6,20,0,1,27,2,9.5,0,0.0,2,13,9.5
923,13,3,13,0,2,71,6,17.75,4,11.75,2,9,6.0
698,12,2,12,0,1,19,2,5.5,0,0.0,2,9,5.5
313,13,3,13,0,1,20,2,6.0,0,0.0,2,9,6.0
823,11,3,11,0,2,31,3,14.0,1,9.0,2,7,5.0
304,22,3,11,0,2,29,3,6.666666666666668,0,0.0,3,10,6.666666666666668
539,13,5,13,0,1,20,2,6.0,0,0.0,2,7,6.0
236,11,2,11,1,2,23,0,0.0,0,0.0,0,0,0.0
583,17,3,17,0,1,24,2,8.0,0,0.0,2,13,8.0
958,26,12,26,0,2,34,3,8.0,0,0.0,3,13,8.0
310,12,3,12,0,1,19,2,5.5,0,0.0,2,8,5.5
709,17,5,11,0,4,81,9,13.9,5,10.4,4,5,3.5
575,12,2,12,0,1,19,2,5.5,0,0.0,2,9,5.5
472,14,2,14,0,1,21,2,6.5,0,0.0,2,11,6.5
827,18,3,12,0,4,87,10,12.476190476190474,7,7.142857142857142,3,8,5.333333333333333
183,17,3,12,0,2,24,3,5.0,0,0.0,3,8,5.0
1002,20,3,9,0,2,52,5,18.5,2,12.5,3,10,6.0
117,27,3,23,0,2,34,3,8.333333333333334,0,0.0,3,19,8.333333333333334
930,20,3,9,0,2,58,8,10.8,5,4.8,3,10,6.0
997,13,4,13,0,2,56,6,9.25,4,3.25,2,8,6.0
554,19,3,19,0,1,26,2,9.0,0,0.0,2,15,9.0
168,17,2,17,0,1,24,2,8.0,0,0.0,2,14,8.0
754,19,3,19,0,1,27,2,9.0,0,0.0,2,15,9.0
925,24,4,24,0,1,32,2,11.5,0,0.0,2,19,11.5
528,13,6,13,0,1,20,2,6.0,0,0.0,2,6,6.0
637,18,6,18,0,1,25,2,8.5,0,0.0,2,11,8.5
653,17,3,17,0,1,24,2,8.0,0,0.0,2,13,8.0
308,23,3,23,0,1,30,2,11.0,0,0.0,2,19,11.0
1000,22,3,22,0,2,50,4,19.0,2,8.5,2,18,10.5
647,6,2,6,0,1,13,2,2.5,0,0.0,2,3,2.5
663,13,6,13,0,1,20,2,6.0,0,0.0,2,6,6.0
912,21,3,14,0,3,96,7,22.08333333333333,4,15.75,3,10,6.333333333333332
411,14,5,14,0,2,21,3,4.0,0,0.0,3,8,4.0
529,36,3,26,0,2,43,3,11.333333333333336,0,0.0,3,22,11.333333333333336
898,29,3,15,0,2,37,3,9.0,0,0.0,3,13,9.0
320,17,2,17,0,1,24,2,8.0,0,0.0,2,14,8.0
101,49,4,39,0,2,56,3,15.666666666666664,0,0.0,3,34,15.666666666666664
145,25,3,25,0,1,32,2,12.0,0,0.0,2,21,12.0
319,12,3,12,0,1,19,2,5.5,0,0.0,2,8,5.5
121,29,4,23,0,2,36,3,9.0,0,0.0,3,18,9.0
972,22,3,17,0,3,50,4,11.666666666666668,1,5.0,3,13,6.666666666666668
149,26,3,26,0,1,33,2,12.5,0,0.0,2,22,12.5
261,10,3,10,0,1,17,2,4.5,0,0.0,2,6,4.5
402,17,3,17,0,1,24,2,8.0,0,0.0,2,13,8.0
562,12,3,12,0,1,19,2,5.5,0,0.0,2,8,5.5
936,18,3,18,0,2,65,6,17.5,4,9.0,2,14,8.5
103,16,3,16,0,1,23,2,7.5,0,0.0,2,12,7.5
973,22,3,17,0,3,63,4,11.666666666666668,1,5.0,3,13,6.666666666666668
956,29,12,29,0,2,37,3,9.0,0,0.0,3,16,9.0
757,17,3,17,0,2,58,3,15.0,1,7.0,2,13,8.0
614,14,4,14,0,1,21,2,6.5,0,0.0,2,9,6.5
711,17,5,11,0,4,66,8,12.75,4,9.25,4,5,3.5
129,22,3,11,0,2,29,3,6.666666666666668,0,0.0,3,10,6.666666666666668
560,14,2,14,0,1,21,2,6.5,0,0.0,2,11,6.5
908,13,3,13,0,1,21,2,6.0,0,0.0,2,9,6.0
907,13,3,13,0,2,42,7,8.8,5,2.8,2,9,6.0
444,13,3,13,0,1,20,2,6.0,0,0.0,2,9,6.0
435,28,3,21,0,2,35,3,8.666666666666666,0,0.0,3,17,8.666666666666666
542,10,2,10,0,1,17,2,4.5,0,0.0,2,7,4.5
347,22,2,22,0,1,29,2,10.5,0,0.0,2,19,10.5
803,15,3,12,0,2,44,6,11.666666666666664,3,7.333333333333332,3,8,4.333333333333333
248,13,3,13,0,1,20,2,6.0,0,0.0,2,9,6.0
691,11,2,11,0,1,18,2,5.0,0,0.0,2,8,5.0
23,36,3,21,1,1,27,0,0.0,0,0.0,0,0,0.0
252,18,3,18,0,1,25,2,8.5,0,0.0,2,14,8.5
840,14,3,8,0,3,77,6,9.666666666666668,3,5.666666666666668,3,5,4.0
448,16,3,16,0,1,23,2,7.5,0,0.0,2,12,7.5
742,19,3,19,0,1,89,6,14.25,4,5.25,2,15,9.0
792,16,3,13,0,3,98,8,10.666666666666668,5,6.0,3,9,4.666666666666667
701,31,3,18,0,2,39,3,9.666666666666666,0,0.0,3,14,9.666666666666666
857,23,3,10,0,2,31,3,7.0,0,0.0,3,12,7.0
753,22,3,13,0,2,56,5,15.166666666666668,2,8.5,3,9,6.666666666666668
250,19,9,19,0,2,26,3,5.666666666666668,0,0.0,3,9,5.666666666666668
326,13,3,13,1,1,18,0,0.0,0,0.0,0,0,0.0
782,20,3,9,0,3,68,8,14.0,4,9.75,4,7,4.25
508,13,2,13,0,1,20,2,6.0,0,0.0,2,10,6.0
829,9,3,9,0,1,17,2,4.0,0,0.0,2,5,4.0
549,24,3,24,0,1,31,2,11.5,0,0.0,2,20,11.5
72,30,14,30,0,3,37,4,6.75,0,0.0,4,15,6.75
596,9,2,9,0,1,16,2,4.0,0,0.0,2,6,4.0
41,13,2,13,0,1,20,2,6.0,0,0.0,2,10,6.0
208,15,2,15,0,1,22,2,7.0,0,0.0,2,12,7.0
422,13,5,13,0,2,20,3,3.6666666666666665,0,0.0,3,7,3.6666666666666665
652,12,6,12,0,1,19,2,5.5,0,0.0,2,6,5.5
349,17,2,17,0,1,24,2,8.0,0,0.0,2,14,8.0
546,19,3,19,0,1,26,2,9.0,0,0.0,2,15,9.0
584,18,3,18,0,1,25,2,8.5,0,0.0,2,14,8.5
484,11,2,11,0,1,18,2,5.0,0,0.0,2,8,5.0
185,11,2,11,0,1,18,2,5.0,0,0.0,2,8,5.0
126,18,3,18,0,1,25,2,8.5,0,0.0,2,14,8.5
467,20,3,20,0,1,27,2,9.5,0,0.0,2,16,9.5
318,19,3,17,1,1,18,0,0.0,0,0.0,0,0,0.0
477,16,3,16,0,1,23,2,7.5,0,0.0,2,12,7.5
296,22,3,11,0,2,29,3,6.666666666666668,0,0.0,3,10,6.666666666666668
689,13,3,13,0,1,20,2,6.0,0,0.0,2,9,6.0
774,31,3,14,0,2,81,11,14.291666666666664,8,4.625,3,16,9.666666666666666
312,9,3,9,0,1,16,2,4.0,0,0.0,2,5,4.0
490,10,2,10,0,1,17,2,4.5,0,0.0,2,7,4.5
63,14,5,14,0,2,21,3,4.0,0,0.0,3,8,4.0
693,13,3,13,0,1,20,2,6.0,0,0.0,2,9,6.0
974,22,3,17,0,3,84,8,12.666666666666668,5,6.0,3,13,6.666666666666668
893,15,3,15,0,1,23,2,7.0,0,0.0,2,11,7.0
678,20,2,20,1,1,20,0,0.0,0,0.0,0,0,0.0
329,24,3,17,1,1,19,0,0.0,0,0.0,0,0,0.0
861,11,4,11,0,2,85,4,12.0,2,7.0,2,6,5.0
491,14,3,11,0,2,21,3,4.0,0,0.0,3,7,4.0
445,22,3,11,0,2,29,3,6.666666666666668,0,0.0,3,10,6.666666666666668
405,22,3,22,0,1,29,2,10.5,0,0.0,2,18,10.5
859,14,3,14,0,2,31,3,11.5,1,5.0,2,10,6.5
336,19,6,14,0,3,26,4,4.0,0,0.0,4,7,4.0
391,18,3,18,0,1,25,2,8.5,0,0.0,2,14,8.5
926,17,3,17,0,1,73,7,17.6,5,9.6,2,13,8.0
120,14,3,14,0,1,21,2,6.5,0,0.0,2,10,6.5
388,22,3,11,0,2,29,3,6.666666666666668,0,0.0,3,10,6.666666666666668
473,22,3,22,0,1,29,2,10.5,0,0.0,2,18,10.5
433,11,3,11,0,1,18,2,5.0,0,0.0,2,7,5.0
818,15,3,7,0,2,88,12,10.555555555555557,9,6.222222222222222,3,7,4.333333333333333
425,19,6,19,1,1,26,0,0.0,0,0.0,0,0,0.0
241,12,2,12,0,1,19,2,5.5,0,0.0,2,9,5.5
254,25,9,25,0,2,32,3,7.666666666666668,0,0.0,3,15,7.666666666666668
156,23,3,23,0,1,30,2,11.0,0,0.0,2,19,11.0
0,19,3,16,0,2,26,3,5.666666666666668,0,0.0,3,12,5.666666666666668
702,18,3,18,0,1,26,2,8.5,0,0.0,2,14,8.5
401,22,3,11,0,2,29,3,6.666666666666668,0,0.0,3,10,6.666666666666668
518,13,3,13,0,1,20,2,6.0,0,0.0,2,9,6.0
751,32,12,32,0,2,40,3,10.0,0,0.0,3,19,10.0
270,18,6,18,0,1,25,2,8.5,0,0.0,2,11,8.5
975,22,3,17,0,3,45,4,18.666666666666668,1,12.0,3,13,6.666666666666668
728,12,3,12,0,1,20,2,5.5,0,0.0,2,8,5.5
869,35,3,19,0,2,43,3,11.0,0,0.0,3,15,11.0
385,11,4,11,0,1,18,2,5.0,0,0.0,2,6,5.0
108,18,3,18,0,1,25,2,8.5,0,0.0,2,14,8.5
51,22,3,22,0,1,29,2,10.5,0,0.0,2,18,10.5
60,12,2,12,0,1,19,2,5.5,0,0.0,2,9,5.5
813,17,3,10,0,3,48,6,11.0,3,6.0,3,6,5.0
221,14,6,14,0,2,21,3,4.0,0,0.0,3,7,4.0
909,16,3,16,0,2,63,7,11.3,5,3.8,2,12,7.5
378,24,3,15,0,2,31,3,7.333333333333332,0,0.0,3,11,7.333333333333332
597,9,2,9,0,1,16,2,4.0,0,0.0,2,6,4.0
314,18,4,18,0,1,25,2,8.5,0,0.0,2,13,8.5
971,23,3,11,1,2,94,1,7.0,1,7.0,0,0,0.0
740,22,3,18,0,2,56,9,11.166666666666668,6,4.5,3,14,6.666666666666668
564,18,3,18,0,1,25,2,8.5,0,0.0,2,14,8.5
46,13,6,13,0,2,20,3,3.6666666666666665,0,0.0,3,6,3.6666666666666665
758,29,3,9,0,3,37,4,6.5,0,0.0,4,9,6.5
745,12,3,12,0,1,20,2,5.5,0,0.0,2,8,5.5
977,26,3,21,0,3,42,4,13.0,1,5.0,3,17,8.0
567,15,3,15,0,1,22,2,7.0,0,0.0,2,11,7.0
152,20,5,20,0,2,27,3,6.0,0,0.0,3,14,6.0
853,20,3,20,0,2,88,5,16.5,3,7.0,2,16,9.5
537,7,2,7,0,1,14,2,3.0,0,0.0,2,4,3.0
463,19,3,19,0,1,26,2,9.0,0,0.0,2,15,9.0
856,20,3,20,0,1,51,4,20.0,2,10.5,2,16,9.5
918,22,3,15,0,3,172,7,14.416666666666668,4,7.75,3,11,6.666666666666668
582,19,6,19,0,1,26,2,9.0,0,0.0,2,12,9.0
852,27,12,27,0,3,78,6,12.333333333333336,3,4.0,3,14,8.333333333333334
424,19,6,19,0,1,26,2,9.0,0,0.0,2,12,9.0
568,17,3,17,0,1,24,2,8.0,0,0.0,2,13,8.0
32,10,3,10,0,1,17,2,4.5,0,0.0,2,6,4.5
393,22,3,11,1,2,26,0,0.0,0,0.0,0,0,0.0
631,19,3,19,0,1,26,2,9.0,0,0.0,2,15,9.0
586,10,3,10,0,1,17,2,4.5,0,0.0,2,6,4.5
440,18,3,18,0,1,25,2,8.5,0,0.0,2,14,8.5
656,12,4,12,0,1,19,2,5.5,0,0.0,2,7,5.5
723,16,3,16,1,3,76,4,6.5,4,6.5,0,0,0.0
883,19,3,11,0,2,27,3,5.666666666666668,0,0.0,3,7,5.666666666666668
394,10,3,10,0,1,17,2,4.5,0,0.0,2,6,4.5
431,17,6,17,0,1,24,2,8.0,0,0.0,2,10,8.0
406,11,3,11,0,1,18,2,5.0,0,0.0,2,7,5.0
650,13,2,13,0,1,20,2,6.0,0,0.0,2,10,6.0
736,14,3,14,0,1,35,3,19.5,1,13.0,2,10,6.5
988,19,3,19,0,1,27,2,9.0,0,0.0,2,15,9.0
98,11,3,11,0,1,18,2,5.0,0,0.0,2,7,5.0
800,18,3,15,0,2,30,4,9.333333333333332,1,4.0,3,11,5.333333333333333
938,28,3,11,0,3,36,4,6.25,0,0.0,4,9,6.25
960,28,3,20,0,2,55,5,15.666666666666664,2,7.0,3,16,8.666666666666666
160,22,3,15,0,2,29,3,6.666666666666668,0,0.0,3,11,6.666666666666668
362,18,4,15,0,2,25,3,5.333333333333333,0,0.0,3,10,5.333333333333333
642,11,2,11,0,1,18,2,5.0,0,0.0,2,8,5.0
563,24,3,15,0,2,31,3,7.333333333333332,0,0.0,3,11,7.333333333333332
18,46,3,30,0,2,53,3,14.666666666666664,0,0.0,3,26,14.666666666666664
574,21,2,21,0,1,28,2,10.0,0,0.0,2,18,10.0
162,24,3,24,0,1,31,2,11.5,0,0.0,2,20,11.5
109,15,2,15,0,1,22,2,7.0,0,0.0,2,12,7.0
672,24,3,24,1,2,29,0,0.0,0,0.0,0,0,0.0
520,20,3,20,0,1,27,2,9.5,0,0.0,2,16,9.5
847,26,3,13,0,2,34,3,8.0,0,0.0,3,12,8.0
365,22,3,11,0,2,29,3,6.666666666666668,0,0.0,3,10,6.666666666666668
184,16,2,16,0,1,23,2,7.5,0,0.0,2,13,7.5
649,12,6,12,0,1,19,2,5.5,0,0.0,2,6,5.5
400,11,2,11,0,1,18,2,5.0,0,0.0,2,8,5.0
302,21,6,21,0,1,28,2,10.0,0,0.0,2,14,10.0
543,16,3,16,0,1,23,2,7.5,0,0.0,2,12,7.5
455,20,6,20,0,1,27,2,9.5,0,0.0,2,13,9.5
89,17,6,17,1,1,23,0,0.0,0,0.0,0,0,0.0
199,14,2,14,0,1,21,2,6.5,0,0.0,2,11,6.5
123,34,3,25,0,2,41,3,10.666666666666666,0,0.0,3,21,10.666666666666666
499,18,3,18,0,1,25,2,8.5,0,0.0,2,14,8.5
247,16,2,16,0,1,23,2,7.5,0,0.0,2,13,7.5
251,39,3,24,0,2,46,3,12.333333333333336,0,0.0,3,20,12.333333333333336
166,17,3,8,1,3,33,0,0.0,0,0.0,0,0,0.0
604,25,8,25,0,2,32,3,7.666666666666668,0,0.0,3,16,7.666666666666668
387,16,3,16,0,1,23,2,7.5,0,0.0,2,12,7.5
458,7,2,7,0,1,14,2,3.0,0,0.0,2,4,3.0
871,12,3,12,0,1,61,7,11.9,5,6.4,2,8,5.5
951,17,3,9,0,3,58,8,10.2,5,5.2,3,7,5.0
894,26,3,6,0,2,34,3,8.0,0,0.0,3,19,8.0
232,18,3,18,0,1,25,2,8.5,0,0.0,2,14,8.5
991,18,3,18,0,1,26,2,8.5,0,0.0,2,14,8.5
453,20,6,20,0,1,27,2,9.5,0,0.0,2,13,9.5
202,9,2,9,0,1,16,2,4.0,0,0.0,2,6,4.0
15,12,6,12,1,1,20,0,0.0,0,0.0,0,0,0.0
451,17,6,17,0,1,24,2,8.0,0,0.0,2,10,8.0
897,15,3,15,1,2,75,1,7.0,1,7.0,0,0,0.0
957,24,3,10,0,2,32,3,7.333333333333332,0,0.0,3,13,7.333333333333332
513,12,2,12,0,1,19,2,5.5,0,0.0,2,9,5.5
340,11,3,11,0,1,18,2,5.0,0,0.0,2,7,5.0
86,18,6,18,0,1,25,2,8.5,0,0.0,2,11,8.5
888,22,3,22,0,1,30,2,10.5,0,0.0,2,18,10.5
414,18,3,18,0,1,25,2,8.5,0,0.0,2,14,8.5
486,17,3,17,0,1,24,2,8.0,0,0.0,2,13,8.0
641,11,2,11,0,1,18,2,5.0,0,0.0,2,8,5.0
767,7,3,7,0,1,15,2,3.0,0,0.0,2,3,3.0
781,14,3,11,0,3,55,5,12.0,2,8.0,3,7,4.0
669,23,2,23,0,1,30,2,11.0,0,0.0,2,20,11.0
980,23,3,15,0,3,85,6,23.33333333333333,3,16.333333333333332,3,11,7.0
333,12,2,12,1,1,21,0,0.0,0,0.0,0,0,0.0
457,18,6,18,0,1,25,2,8.5,0,0.0,2,11,8.5
812,26,2,12,1,2,57,4,4.0,4,4.0,0,0,0.0
963,28,3,20,0,2,64,6,16.0,3,7.333333333333332,3,16,8.666666666666666
419,18,3,18,0,1,25,2,8.5,0,0.0,2,14,8.5
868,16,3,16,0,1,24,2,7.5,0,0.0,2,12,7.5
267,12,3,12,0,1,19,2,5.5,0,0.0,2,8,5.5
147,14,3,14,0,1,21,2,6.5,0,0.0,2,10,6.5
595,46,3,34,0,2,53,3,14.666666666666664,0,0.0,3,30,14.666666666666664
692,19,3,19,0,1,26,2,9.0,0,0.0,2,15,9.0
789,15,3,12,0,2,36,5,9.833333333333332,2,5.5,3,8,4.333333333333333
654,22,4,22,0,1,29,2,10.5,0,0.0,2,17,10.5
173,11,3,11,0,1,18,2,5.0,0,0.0,2,7,5.0
278,14,3,14,0,1,21,2,6.5,0,0.0,2,10,6.5
793,15,3,12,0,3,54,7,11.083333333333332,4,6.75,3,8,4.333333333333333
531,19,3,19,0,1,26,2,9.0,0,0.0,2,15,9.0
824,11,3,11,0,2,32,3,15.0,1,10.0,2,7,5.0
33,10,3,10,1,1,16,0,0.0,0,0.0,0,0,0.0
910,16,3,16,0,2,65,7,11.7,5,4.2,2,12,7.5
985,18,3,9,0,3,36,4,11.333333333333332,1,6.0,3,8,5.333333333333333
927,20,3,20,0,1,28,2,9.5,0,0.0,2,16,9.5
850,27,12,27,0,3,84,6,13.666666666666668,3,5.333333333333333,3,14,8.333333333333334
465,18,3,18,0,1,25,2,8.5,0,0.0,2,14,8.5
580,15,3,15,0,1,22,2,7.0,0,0.0,2,11,7.0
354,18,6,18,1,1,25,0,0.0,0,0.0,0,0,0.0
741,22,3,18,0,2,56,9,11.166666666666668,6,4.5,3,14,6.666666666666668
475,16,6,16,0,2,23,3,4.666666666666667,0,0.0,3,9,4.666666666666667
825,11,3,11,0,2,29,3,12.0,1,7.0,2,7,5.0
889,17,3,17,0,1,25,2,8.0,0,0.0,2,13,8.0
332,12,2,12,1,1,21,0,0.0,0,0.0,0,0,0.0
416,15,3,15,0,1,22,2,7.0,0,0.0,2,11,7.0
968,34,12,34,0,2,42,3,10.666666666666666,0,0.0,3,21,10.666666666666666
71,14,2,14,0,1,21,2,6.5,0,0.0,2,11,6.5
606,10,6,10,0,2,17,3,2.6666666666666665,0,0.0,3,3,2.6666666666666665
324,17,3,17,0,1,24,2,8.0,0,0.0,2,13,8.0
315,19,3,17,0,2,26,3,5.666666666666668,0,0.0,3,13,5.666666666666668
442,22,3,11,0,2,29,3,6.666666666666668,0,0.0,3,10,6.666666666666668
342,11,5,11,0,1,18,2,5.0,0,0.0,2,5,5.0
777,26,3,26,0,1,34,2,12.5,0,0.0,2,22,12.5
703,31,3,16,0,2,39,3,9.666666666666666,0,0.0,3,14,9.666666666666666
355,17,6,17,0,1,24,2,8.0,0,0.0,2,10,8.0
226,24,3,24,0,1,31,2,11.5,0,0.0,2,20,11.5
259,9,2,9,0,1,16,2,4.0,0,0.0,2,6,4.0
790,16,3,9,0,3,55,8,11.0,4,7.75,4,5,3.25
124,13,2,13,0,1,20,2,6.0,0,0.0,2,10,6.0
82,19,6,19,0,1,26,2,9.0,0,0.0,2,12,9.0
209,11,4,11,0,1,18,2,5.0,0,0.0,2,6,5.0
737,14,3,14,0,1,36,3,14.5,1,8.0,2,10,6.5
348,20,3,20,0,1,27,2,9.5,0,0.0,2,16,9.5
188,22,3,11,0,2,29,3,6.666666666666668,0,0.0,3,10,6.666666666666668
884,35,3,14,0,4,43,5,6.2,0,0.0,5,10,6.2
808,19,3,9,0,3,93,8,11.25,4,7.25,4,6,4.0
371,19,3,19,0,1,26,2,9.0,0,0.0,2,15,9.0
148,22,2,22,0,1,29,2,10.5,0,0.0,2,19,10.5
684,10,3,10,1,1,20,0,0.0,0,0.0,0,0,0.0
643,12,3,12,0,1,19,2,5.5,0,0.0,2,8,5.5
132,11,2,11,0,1,18,2,5.0,0,0.0,2,8,5.0
558,16,3,16,0,1,23,2,7.5,0,0.0,2,12,7.5
787,15,3,12,0,2,62,5,22.83333333333333,2,18.5,3,8,4.333333333333333
427,19,6,19,0,1,26,2,9.0,0,0.0,2,12,9.0
657,14,3,14,0,1,21,2,6.5,0,0.0,2,10,6.5
592,24,3,18,0,2,31,3,7.333333333333332,0,0.0,3,14,7.333333333333332
880,11,3,11,0,1,19,2,5.0,0,0.0,2,7,5.0
155,10,2,10,0,1,17,2,4.5,0,0.0,2,7,4.5
96,14,3,14,0,1,21,2,6.5,0,0.0,2,10,6.5
534,24,3,24,0,1,31,2,11.5,0,0.0,2,20,11.5
882,22,3,14,0,2,30,3,6.666666666666668,0,0.0,3,10,6.666666666666668
769,9,3,9,0,1,17,2,4.0,0,0.0,2,5,4.0
881,11,3,11,0,2,46,5,12.333333333333332,3,7.333333333333332,2,7,5.0
174,25,7,25,0,1,32,2,12.0,0,0.0,2,17,12.0
569,10,3,10,0,1,17,2,4.5,0,0.0,2,6,4.5
204,17,2,17,0,1,24,2,8.0,0,0.0,2,14,8.0
772,30,3,19,0,2,38,3,9.333333333333334,0,0.0,3,15,9.333333333333334
983,20,3,12,0,3,100,6,26.0,3,20.0,3,8,6.0
668,13,3,13,0,1,20,2,6.0,0,0.0,2,9,6.0
192,27,3,22,0,2,34,3,8.333333333333334,0,0.0,3,18,8.333333333333334
135,37,3,25,0,2,44,3,11.666666666666664,0,0.0,3,21,11.666666666666664
964,18,3,18,0,2,60,5,18.5,3,10.0,2,14,8.5
450,17,6,17,0,1,24,2,8.0,0,0.0,2,10,8.0
471,13,5,13,0,2,20,3,3.6666666666666665,0,0.0,3,7,3.6666666666666665
552,7,2,7,0,1,14,2,3.0,0,0.0,2,4,3.0
1001,22,3,22,0,2,50,4,19.0,2,8.5,2,18,10.5
943,34,3,34,0,2,69,4,28.5,2,12.0,2,30,16.5
105,10,3,10,0,1,17,2,4.5,0,0.0,2,6,4.5
134,22,4,9,0,2,29,3,6.666666666666668,0,0.0,3,12,6.666666666666668
488,22,6,22,0,2,29,3,6.666666666666668,0,0.0,3,15,6.666666666666668
530,30,3,21,0,2,37,3,9.333333333333334,0,0.0,3,17,9.333333333333334
773,31,3,14,0,2,39,3,9.666666666666666,0,0.0,3,16,9.666666666666666
432,21,3,21,0,1,28,2,10.0,0,0.0,2,17,10.0
851,27,12,27,0,3,85,6,12.333333333333336,3,4.0,3,14,8.333333333333334
52,16,3,16,0,1,23,2,7.5,0,0.0,2,12,7.5
822,11,3,11,0,2,36,3,15.0,1,10.0,2,7,5.0
976,22,3,17,0,3,51,4,17.666666666666668,1,11.0,3,13,6.666666666666668
154,19,3,16,1,1,23,0,0.0,0,0.0,0,0,0.0
986,18,3,9,0,2,44,4,23.33333333333333,1,18.0,3,8,5.333333333333333
729,25,3,8,0,3,41,5,13.5,1,8.0,4,11,5.5
503,19,4,19,0,1,26,2,9.0,0,0.0,2,14,9.0
222,8,2,8,0,1,15,2,3.5,0,0.0,2,5,3.5
73,31,3,14,0,4,38,5,5.4,0,0.0,5,10,5.4
11,13,5,13,1,2,33,0,0.0,0,0.0,0,0,0.0
941,24,3,24,0,1,32,2,11.5,0,0.0,2,20,11.5
670,12,3,12,0,1,19,2,5.5,0,0.0,2,8,5.5
541,14,3,14,0,1,21,2,6.5,0,0.0,2,10,6.5
338,23,3,23,0,1,30,2,11.0,0,0.0,2,19,11.0
838,10,3,10,0,1,39,4,12.0,2,7.5,2,6,4.5
623,40,3,25,0,2,47,3,12.666666666666664,0,0.0,3,21,12.666666666666664
651,19,3,16,0,2,26,3,5.666666666666668,0,0.0,3,12,5.666666666666668
738,16,3,16,0,2,70,6,13.75,4,6.25,2,12,7.5
707,14,3,14,0,2,79,9,14.214285714285715,7,7.7142857142857135,2,10,6.5
931,18,3,18,0,1,78,6,12.5,4,4.0,2,14,8.5
256,16,3,16,0,1,23,2,7.5,0,0.0,2,12,7.5
133,10,2,10,0,1,17,2,4.5,0,0.0,2,7,4.5
242,25,3,25,0,1,32,2,12.0,0,0.0,2,21,12.0
481,19,3,19,0,1,26,2,9.0,0,0.0,2,15,9.0
555,13,2,13,0,1,20,2,6.0,0,0.0,2,10,6.0
269,10,2,10,0,1,17,2,4.5,0,0.0,2,7,4.5
265,13,4,13,0,1,20,2,6.0,0,0.0,2,8,6.0
610,24,12,24,0,2,31,3,7.333333333333332,0,0.0,3,11,7.333333333333332
556,15,3,15,0,1,22,2,7.0,0,0.0,2,11,7.0
924,13,3,13,0,2,71,6,17.75,4,11.75,2,9,6.0
246,24,5,12,0,4,31,5,4.0,0,0.0,5,6,4.0
609,10,4,10,0,1,17,2,4.5,0,0.0,2,5,4.5
722,16,3,16,0,1,48,4,14.0,2,6.5,2,12,7.5
588,18,2,18,0,1,25,2,8.5,0,0.0,2,15,8.5
360,10,2,10,0,1,17,2,4.5,0,0.0,2,7,4.5
418,19,2,9,0,2,26,3,5.666666666666668,0,0.0,3,9,5.666666666666668
770,20,2,8,0,3,52,4,14.0,1,8.0,3,11,6.0
833,24,3,15,0,2,53,5,18.33333333333333,2,11.0,3,11,7.333333333333332
437,16,4,13,0,2,23,3,4.666666666666667,0,0.0,3,8,4.666666666666667
284,21,6,21,0,1,28,2,10.0,0,0.0,2,14,10.0
99,8,2,8,0,1,15,2,3.5,0,0.0,2,5,3.5
212,15,3,15,1,1,19,0,0.0,0,0.0,0,0,0.0
579,16,3,16,0,1,23,2,7.5,0,0.0,2,12,7.5
303,21,6,21,0,1,28,2,10.0,0,0.0,2,14,10.0
953,20,3,20,0,1,28,2,9.5,0,0.0,2,16,9.5
180,14,6,14,0,1,21,2,6.5,0,0.0,2,7,6.5
628,11,3,11,0,1,18,2,5.0,0,0.0,2,7,5.0
141,21,3,21,0,1,28,2,10.0,0,0.0,2,17,10.0
661,19,6,19,0,2,26,3,5.666666666666668,0,0.0,3,12,5.666666666666668
724,16,3,16,1,3,108,4,7.0,4,7.0,0,0,0.0
323,15,3,15,0,1,22,2,7.0,0,0.0,2,11,7.0
937,16,6,16,0,2,77,6,12.333333333333336,3,7.666666666666668,3,9,4.666666666666667
95,13,2,13,0,1,20,2,6.0,0,0.0,2,10,6.0
875,9,2,9,0,1,17,2,4.0,0,0.0,2,6,4.0
157,33,3,33,0,1,40,2,16.0,0,0.0,2,29,16.0
179,16,2,16,0,1,23,2,7.5,0,0.0,2,13,7.5
679,7,2,7,0,1,14,2,3.0,0,0.0,2,4,3.0
764,22,3,10,0,3,98,7,22.66666666666667,4,16.0,3,11,6.666666666666668
704,15,3,15,0,1,23,2,7.0,0,0.0,2,11,7.0
80,18,4,18,0,1,25,2,8.5,0,0.0,2,13,8.5
205,15,6,15,0,1,22,2,7.0,0,0.0,2,8,7.0
834,10,3,10,0,1,67,5,10.833333333333332,3,6.333333333333332,2,6,4.5
934,18,3,18,0,2,54,8,12.0,6,3.5,2,14,8.5
625,27,3,27,0,1,34,2,13.0,0,0.0,2,23,13.0
171,15,6,15,0,1,22,2,7.0,0,0.0,2,8,7.0
29,12,3,12,1,2,33,0,0.0,0,0.0,0,0,0.0
817,20,5,11,0,3,94,7,7.916666666666666,3,3.6666666666666665,4,8,4.25
796,17,3,9,0,3,89,8,10.25,4,6.75,4,5,3.5
516,14,3,14,0,1,21,2,6.5,0,0.0,2,10,6.5
514,12,2,12,0,1,19,2,5.5,0,0.0,2,9,5.5
874,22,3,22,0,2,56,3,32.5,1,22.0,2,18,10.5
671,24,3,24,0,1,31,2,11.5,0,0.0,2,20,11.5
904,17,3,17,0,1,25,2,8.0,0,0.0,2,13,8.0
386,22,3,11,0,2,29,3,6.666666666666668,0,0.0,3,10,6.666666666666668
553,13,4,13,0,1,20,2,6.0,0,0.0,2,8,6.0
638,16,6,16,0,1,23,2,7.5,0,0.0,2,9,7.5
965,24,3,9,0,2,32,3,7.333333333333332,0,0.0,3,14,7.333333333333332
804,11,2,8,0,2,19,3,3.0,0,0.0,3,5,3.0
809,15,3,9,0,3,23,4,3.0,0,0.0,4,5,3.0
25,12,2,12,1,3,34,0,0.0,0,0.0,0,0,0.0
460,16,3,16,0,1,23,2,7.5,0,0.0,2,12,7.5
178,10,3,10,0,1,17,2,4.5,0,0.0,2,6,4.5
191,14,2,14,0,1,21,2,6.5,0,0.0,2,11,6.5
547,21,3,21,0,1,28,2,10.0,0,0.0,2,17,10.0
240,19,3,19,0,1,26,2,9.0,0,0.0,2,15,9.0
384,11,4,11,0,1,18,2,5.0,0,0.0,2,6,5.0
710,17,5,11,0,3,90,10,14.5,6,11.0,4,5,3.5
905,27,3,10,0,3,43,4,12.333333333333336,1,4.0,3,16,8.333333333333334
403,16,3,16,0,1,23,2,7.5,0,0.0,2,12,7.5
439,9,5,9,0,1,16,2,4.0,0,0.0,2,5,4.0
675,23,12,23,0,2,30,3,7.0,0,0.0,3,10,7.0
381,13,2,13,0,1,20,2,6.0,0,0.0,2,10,6.0
940,30,6,30,0,2,38,3,9.333333333333334,0,0.0,3,23,9.333333333333334
784,20,3,9,0,3,68,8,14.0,4,9.75,4,7,4.25
144,22,2,12,0,2,29,3,6.666666666666668,0,0.0,3,9,6.666666666666668
203,22,3,11,0,2,29,3,6.666666666666668,0,0.0,3,10,6.666666666666668
819,19,3,11,0,3,48,6,11.0,3,5.333333333333333,3,7,5.666666666666668
201,17,3,17,0,1,24,2,8.0,0,0.0,2,13,8.0
390,22,2,22,0,1,29,2,10.5,0,0.0,2,19,10.5
998,13,4,13,0,2,53,4,10.0,2,4.0,2,8,6.0
785,13,3,10,0,3,61,7,12.666666666666664,4,9.0,3,6,3.6666666666666665
30,12,3,12,1,1,21,0,0.0,0,0.0,0,0,0.0
272,18,6,18,1,1,40,0,0.0,0,0.0,0,0,0.0
55,11,2,11,0,1,18,2,5.0,0,0.0,2,8,5.0
257,16,3,16,1,2,29,0,0.0,0,0.0,0,0,0.0
407,22,3,11,0,2,29,3,6.666666666666668,0,0.0,3,10,6.666666666666668
494,24,3,19,0,2,31,3,7.333333333333332,0,0.0,3,15,7.333333333333332
954,22,3,15,0,2,30,3,6.666666666666668,0,0.0,3,11,6.666666666666668
428,18,6,18,0,1,25,2,8.5,0,0.0,2,11,8.5
282,21,6,21,0,1,28,2,10.0,0,0.0,2,14,10.0
389,20,4,20,0,1,27,2,9.5,0,0.0,2,15,9.5
783,20,3,9,0,3,68,8,14.0,4,9.75,4,7,4.25
634,19,6,19,0,1,26,2,9.0,0,0.0,2,12,9.0
177,11,3,11,0,1,18,2,5.0,0,0.0,2,7,5.0
65,25,3,20,0,2,32,3,7.666666666666668,0,0.0,3,16,7.666666666666668
382,15,3,15,0,1,22,2,7.0,0,0.0,2,11,7.0
466,14,6,14,0,2,21,3,4.0,0,0.0,3,7,4.0
307,11,4,11,0,1,18,2,5.0,0,0.0,2,6,5.0
590,18,2,6,0,2,25,3,5.333333333333333,0,0.0,3,11,5.333333333333333
